{
  "questions": [
    {
      "Id": 1,
      "Level": "easy",
      "question": "What is cloud computing?",
      "Option1": "Local data storage on personal computers",
      "Option2": "Remote data storage and processing on servers",
      "Option3": "Data storage on external hard drives",
      "Option4": "Sharing files over a local network",
      "Correct": 2
    },
    {
      "Id": 2,
      "Level": "easy",
      "question": "Which of the following is not a cloud service model?",
      "Option1": "Infrastructure as a Service (IaaS)",
      "Option2": "Software as a Service (SaaS)",
      "Option3": "Platform as a Service (PaaS)",
      "Option4": "Hardware as a Service (HaaS)",
      "Correct": 4
    },
    {
      "Id": 3,
      "Level": "easy",
      "question": "What is the main benefit of cloud computing?",
      "Option1": "Increased network latency",
      "Option2": "Reduced scalability",
      "Option3": "Improved data security",
      "Option4": "Higher hardware costs",
      "Correct": 3
    },
    {
      "Id": 4,
      "Level": "easy",
      "question": "Which of the following is not a characteristic of cloud computing?",
      "Option1": "On-demand self-service",
      "Option2": "Broad network access",
      "Option3": "Limited scalability",
      "Option4": "Resource pooling",
      "Correct": 3
    },
    {
      "Id": 5,
      "Level": "easy",
      "question": "What is virtualization in the context of cloud computing?",
      "Option1": "The process of creating virtual servers",
      "Option2": "The process of encrypting data in the cloud",
      "Option3": "The process of scaling resources dynamically",
      "Option4": "The process of establishing network connections",
      "Correct": 1
    },
    {
      "Id": 6,
      "Level": "easy",
      "question": "What is the purpose of load balancing in cloud computing?",
      "Option1": "To allocate computing resources effectively",
      "Option2": "To restrict access to the cloud environment",
      "Option3": "To encrypt data during transmission",
      "Option4": "To automate software deployments",
      "Correct": 1
    },
    {
      "Id": 7,
      "Level": "easy",
      "question": "What is the difference between public and private clouds?",
      "Option1": "Public clouds are owned by individuals, while private clouds are owned by organizations",
      "Option2": "Public clouds are accessible over the internet, while private clouds are accessible within a specific organization",
      "Option3": "Public clouds are free, while private clouds require a subscription",
      "Option4": "Public clouds provide more security than private clouds",
      "Correct": 2
    },
    {
      "Id": 8,
      "Level": "easy",
      "question": "What is the purpose of a Service Level Agreement (SLA) in cloud computing?",
      "Option1": "To define the cost structure of cloud services",
      "Option2": "To ensure compliance with industry regulations",
      "Option3": "To establish performance guarantees and service availability",
      "Option4": "To manage data encryption and security protocols",
      "Correct": 3
    },
    {
      "Id": 9,
      "Level": "easy",
      "question": "Which cloud deployment model offers the highest level of control and security?",
      "Option1": "Public cloud",
      "Option2": "Private cloud",
      "Option3": "Hybrid cloud",
      "Option4": "Community cloud",
      "Correct": 2
    },
    {
      "Id": 10,
      "Level": "easy",
      "question": "What is the term used to describe the practice of scaling computing resources based on demand?",
      "Option1": "Elasticity",
      "Option2": "Virtualization",
      "Option3": "Containerization",
      "Option4": "Orchestration",
      "Correct": 1
    },
    {
      "Id": 11,
      "Level": "medium",
      "question": "What is the purpose of a virtual private cloud (VPC) in cloud computing?",
      "Option1": "To provide public internet access to cloud resources",
      "Option2": "To establish a secure and isolated network environment within a public cloud",
      "Option3": "To enable seamless migration of on-premises servers to the cloud",
      "Option4": "To distribute computing resources across multiple data centers",
      "Correct": 2
    },
    {
      "Id": 12,
      "Level": "medium",
      "question": "What is the role of a load balancer in cloud computing?",
      "Option1": "To allocate computing resources effectively",
      "Option2": "To provide secure access to cloud resources",
      "Option3": "To manage and deploy containers",
      "Option4": "To analyze and optimize cloud costs",
      "Correct": 1
    },
    {
      "Id": 13,
      "Level": "medium",
      "question": "What is the purpose of multi-factor authentication (MFA) in cloud security?",
      "Option1": "To secure data in transit between cloud services",
      "Option2": "To prevent unauthorized access to cloud resources",
      "Option3": "To encrypt data stored in the cloud",
      "Option4": "To monitor and log cloud activity",
      "Correct": 2
    },
    {
      "Id": 14,
      "Level": "medium",
      "question": "What is the difference between horizontal and vertical scaling in cloud computing?",
      "Option1": "Horizontal scaling refers to adding more resources to a single server, while vertical scaling refers to adding more servers to a network",
      "Option2": "Horizontal scaling refers to adding more servers to a network, while vertical scaling refers to adding more resources to a single server",
      "Option3": "Horizontal scaling refers to scaling resources dynamically, while vertical scaling refers to allocating fixed resources",
      "Option4": "Horizontal scaling refers to scaling resources vertically, while vertical scaling refers to scaling resources horizontally",
      "Correct": 2
    },
    {
      "Id": 15,
      "Level": "medium",
      "question": "What is the purpose of auto-scaling in cloud computing?",
      "Option1": "To automatically provision and deprovision virtual machines based on demand",
      "Option2": "To automate software deployments and updates in the cloud",
      "Option3": "To optimize cloud costs and resource allocation",
      "Option4": "To encrypt data at rest in the cloud",
      "Correct": 1
    },
    {
      "Id": 16,
      "Level": "medium",
      "question": "What is the role of a content delivery network (CDN) in cloud computing?",
      "Option1": "To provide secure access to cloud resources",
      "Option2": "To optimize the delivery of content to end-users",
      "Option3": "To manage and deploy containers",
      "Option4": "To analyze and optimize cloud costs",
      "Correct": 2
    },
    {
      "Id": 17,
      "Level": "medium",
      "question": "What is serverless computing in the context of cloud computing?",
      "Option1": "Running applications on dedicated physical servers",
      "Option2": "Running applications on virtual machines",
      "Option3": "Running applications without the need to manage underlying infrastructure",
      "Option4": "Running applications on edge devices",
      "Correct": 3
    },
    {
      "Id": 18,
      "Level": "medium",
      "question": "What is data sovereignty in cloud computing?",
      "Option1": "The practice of storing data in multiple geographic locations",
      "Option2": "The process of encrypting data in transit",
      "Option3": "The legal requirement to store data within a specific country or region",
      "Option4": "The practice of replicating data for fault tolerance",
      "Correct": 3
    },
    {
      "Id": 19,
      "Level": "medium",
      "question": "What is the purpose of a disaster recovery plan in cloud computing?",
      "Option1": "To prevent data breaches and unauthorized access",
      "Option2": "To ensure high availability and business continuity in the event of a disaster",
      "Option3": "To encrypt data at rest and in transit",
      "Option4": "To monitor and analyze cloud resource utilization",
      "Correct": 2
    },
    {
      "Id": 20,
      "Level": "medium",
      "question": "What is the role of a cloud orchestrator in cloud computing?",
      "Option1": "To manage and deploy virtual machines",
      "Option2": "To optimize cloud costs and resource allocation",
      "Option3": "To automate the provisioning and management of cloud resources",
      "Option4": "To provide secure access to cloud resources",
      "Correct": 3
    }
  ],

  "users": [
    {
      "Username": "user1",
      "Password": "password1",
      "Score": 30,
      "CurrentQuestionsInARow": 2,
      "Admin": "no",
      "QuestionsThatBeenAnsweredCorrect": [0,1,4,7,8,5]
    },
    {
      "Username": "user2",
      "Password": "password2",
      "Score": 20,
      "CurrentQuestionsInARow": 0,
      "Admin": "no",
      "QuestionsThatBeenAnsweredCorrect": [0,1,2]
    },
    {
      "Username": "user3",
      "Password": "password3",
      "Score": 0,
      "CurrentQuestionsInARow": 0,
      "Admin": "no",
      "QuestionsThatBeenAnsweredCorrect": [0]
    },
    {
      "Username": "user4",
      "Password": "password4",
      "Score": 45,
      "CurrentQuestionsInARow": 3,
      "Admin": "no",
      "QuestionsThatBeenAnsweredCorrect": [0,1,4,7,2]
    },
    {
      "Username": "user5",
      "Password": "password5",
      "Score": 130,
      "CurrentQuestionsInARow": 7,
      "Admin": "no",
      "QuestionsThatBeenAnsweredCorrect": [0,1,2,3,4,5,6,7,8,9,10,13,15]
    },
    {
      "Username": "user6",
      "Password": "password6",
      "Score": 30,
      "CurrentQuestionsInARow": 2,
      "Admin": "no",
      "QuestionsThatBeenAnsweredCorrect": [0,9,4,8]
    },
    {
      "Username": "user7",
      "Password": "password7",
      "Score": 10,
      "CurrentQuestionsInARow": 1,
      "Admin": "no",
      "QuestionsThatBeenAnsweredCorrect": [0,6]
    },
    {
      "Username": "user8",
      "Password": "password8",
      "Score": 0,
      "CurrentQuestionsInARow": 0,
      "Admin": "yes",
      "QuestionsThatBeenAnsweredCorrect": [0]
    },
    {
      "Username": "user9",
      "Password": "password9",
      "Score": 0,
      "CurrentQuestionsInARow": 0,
      "Admin": "yes",
      "QuestionsThatBeenAnsweredCorrect": [0]
    }
  ]
}